Top pages,Clicks,Impressions,CTR,Position
https://econline.in/online-ec-karnataka/,53,836,6.34%,5.92
https://econline.in/,13,682,1.91%,9.76
https://econline.in/india/ec-form-15-vs-form-16/,1,102,0.98%,3.94
https://econline.in/check-ec-online-karnataka/,1,22,4.55%,8.77
https://econline.in/online-ec-karnataka/#heading-1,0,179,0%,6
https://econline.in/online-ec-karnataka/#heading-3,0,178,0%,5.99
https://econline.in/online-ec-karnataka/#heading-2,0,132,0%,5.54
https://econline.in/site-directory/,0,44,0%,20.45
https://econline.in/india/khata-extract/,0,17,0%,9.41
https://econline.in/india/ec-form-15-vs-form-16/#heading-1,0,13,0%,8.85
https://econline.in/india/ec-form-15-vs-form-16/#heading-2,0,13,0%,8.85
https://econline.in/india/ec-form-15-vs-form-16/#heading-3,0,13,0%,8.85
https://econline.in/es/india/adangal/,0,5,0%,9.4
https://econline.in/es/,0,5,0%,28
https://econline.in/es/india/encumbrance-certificate-uttar-pradesh/,0,4,0%,9.5
https://econline.in/india/title-search-report-guide/,0,2,0%,15
https://econline.in/india/partition-deed/,0,1,0%,1
https://econline.in/contact-us/,0,1,0%,2
https://econline.in/india/encumbrance-certificate-maharashtra/,0,1,0%,10
https://econline.in/tn-ec-view/,0,1,0%,10
https://econline.in/india/conveyance-deed/,0,1,0%,11
https://econline.in/tn-ec/,0,1,0%,13
https://econline.in/es/india/completion-certificate-cc/,0,1,0%,18
https://econline.in/fr/,0,1,0%,31