Top queries,Clicks,Impressions,CTR,Position
bhoomi ec online,10,65,15.38%,2.54
ec online karnataka,9,123,7.32%,5.15
ec online,3,78,3.85%,9.19
ec download karnataka,3,39,7.69%,6.36
bhoomi ec online karnataka,3,31,9.68%,2.23
online ec karnataka,2,36,5.56%,6.72
bhoomi ec online login,2,14,14.29%,3.86
kaveri online ec download pdf,1,57,1.75%,8.39
ec karnataka,1,30,3.33%,6.2
ec download,1,21,4.76%,7.29
telangana ec search,1,20,5%,8.5
karnataka ec online,1,17,5.88%,6.18
how to download ec online in karnataka,1,12,8.33%,1
view ec online karnataka,1,12,8.33%,7
ec download karnataka online,1,11,9.09%,4.45
karnataka ec,1,11,9.09%,5.91
bhoomi ec online karnataka download,1,6,16.67%,2.83
ec bhoomi online,1,5,20%,3.4
ec copy download karnataka,1,4,25%,7
online ec search,1,3,33.33%,7
ec view online karnataka,1,2,50%,4.5
land records ec karnataka,1,2,50%,5
online ec view karnataka,1,2,50%,5
bhoomi online ec,1,1,100%,3
ec in bhoomi,1,1,100%,5
land ec copy,1,1,100%,5
karnataka online ec search,1,1,100%,9
ec telangana online search by name,0,74,0%,9.65
ec,0,31,0%,4.97
kaveri online ec view,0,26,0%,8
online ec,0,26,0%,9.31
ec online services,0,19,0%,6.05
ec karnataka online,0,17,0%,5
how to check ec online in karnataka,0,14,0%,8.07
khata extract,0,11,0%,9.18
download ec online karnataka,0,10,0%,5.7
ec portal,0,9,0%,8.89
ts ec search,0,8,0%,8.25
ec certificate,0,7,0%,2.57
land ec online,0,7,0%,7.71
ec ts,0,7,0%,8.29
form 15 in property,0,6,0%,2.83
ec search karnataka,0,6,0%,4.5
check ec online karnataka,0,6,0%,9.17
encumbrance search,0,6,0%,9.5
ec landing,0,6,0%,10.83
online ec download karnataka,0,5,0%,4.2
how to check online ec in karnataka,0,5,0%,9.2
search ec online karnataka,0,5,0%,12.8
bhoomi ec download,0,4,0%,3
ec form 15,0,4,0%,3.25
e c online karnataka,0,4,0%,5
ec online download karnataka,0,4,0%,5
ec search,0,4,0%,5.25
kaveri online ec download pdf karnataka,0,4,0%,5.5
తెలంగాణ ec search,0,4,0%,6.25
ec form 16,0,4,0%,6.5
ec karnataka download,0,4,0%,7.5
encumbrance free certificate,0,4,0%,8
download ec karnataka,0,4,0%,8.75
khatha extract,0,4,0%,9.75
ec certificate online karnataka,0,4,0%,10
land ec,0,4,0%,10
encumbrance certificate,0,4,0%,10.75
online cc,0,4,0%,24.5
encumbrance certificate download karnataka,0,3,0%,1.33
bhoomi ec online download,0,3,0%,3
bhoomi ec online check,0,3,0%,3.67
form 16 ec karnataka,0,3,0%,3.67
most ec,0,3,0%,4
ec online view only,0,3,0%,6.67
download ec,0,3,0%,7
ec copy online,0,3,0%,7.33
free ec online karnataka,0,3,0%,8.33
land ec download karnataka,0,3,0%,8.33
encumbrance certificate download,0,3,0%,9.33
the ec,0,3,0%,9.33
what is form 15 in karnataka,0,3,0%,9.33
ec certificate karnataka,0,3,0%,11
ec check online,0,3,0%,18.33
ec status online,0,3,0%,20.33
how can i download ec from online in karnataka,0,2,0%,1
ec bhoomi,0,2,0%,3.5
villangam download online,0,2,0%,4
bhoomi ec,0,2,0%,4.5
bhoomi ec online karnataka login,0,2,0%,4.5
download ec online,0,2,0%,6
ec ec,0,2,0%,6.5
ec online karnataka login,0,2,0%,7
free ec download karnataka,0,2,0%,7
karnataka ec online download,0,2,0%,7
karnataka ec download,0,2,0%,7.5
online ec karnataka login,0,2,0%,7.5
online ec search karnataka,0,2,0%,7.5
karnataka land ec online,0,2,0%,8
tnec online,0,2,0%,8
ec copy karnataka,0,2,0%,8.5
ec login karnataka,0,2,0%,8.5
ec land karnataka,0,2,0%,9
search ec,0,2,0%,9.5
adangal certificate in english,0,2,0%,10
adangal in karnataka,0,2,0%,10
agriculture land ec download,0,2,0%,10
ec by house number,0,2,0%,10
encumbrance certificate search,0,2,0%,10.5
free ec,0,2,0%,11
ts ec online,0,2,0%,24
ec certificate online,0,2,0%,27.5
how to download encumbrance certificate online,0,2,0%,29
encumbrance certificate ec,0,2,0%,30
ts land ec,0,2,0%,30
download ec for property,0,2,0%,32.5
ec encumbrance certificate,0,2,0%,33.5
tn encumbrance certificate online,0,2,0%,39
tnreginet ec view,0,2,0%,39.5
where to get encumbrance certificate,0,2,0%,42.5
encumbrance certificate online telangana,0,2,0%,60.5
co ec,0,1,0%,1
ec form 15 vs form 16,0,1,0%,1
ec in registration,0,1,0%,1
ec original,0,1,0%,1
ec.,0,1,0%,1
encumbrance certificate telangana online free,0,1,0%,1
form 15 ec,0,1,0%,1
form 16 ec,0,1,0%,1
form 16 in property,0,1,0%,1
ha,0,1,0%,1
how to download ec for land in karnataka,0,1,0%,1
how to make partition deed,0,1,0%,1
what is form 15 in karnataka land records,0,1,0%,1
what is form 16 in karnataka land records,0,1,0%,1
download encumbrance certificate,0,1,0%,2
download encumbrance certificate karnataka,0,1,0%,2
form 15 means,0,1,0%,2
bangalore karnataka,0,1,0%,3
download ec karnataka online,0,1,0%,3
download online ec karnataka,0,1,0%,3
ec download online karnataka,0,1,0%,3
how to get ec for land,0,1,0%,3
ka ec,0,1,0%,3
e c,0,1,0%,4
ec land records,0,1,0%,4
ec portal login,0,1,0%,4
online encumbrance certificate,0,1,0%,4
bhoomi e c,0,1,0%,5
ec karnataka online search,0,1,0%,5
ec land records karnataka,0,1,0%,5
form 22 ec karnataka,0,1,0%,5
karnataka land ec download,0,1,0%,5
karnataka online ec,0,1,0%,5
land deed ec,0,1,0%,5
view ec,0,1,0%,5
apcard ec,0,1,0%,6
ec சான்றிதழ் பதிவிறக்கம்,0,1,0%,6
how to ec online,0,1,0%,6
ec land,0,1,0%,7
ec online free,0,1,0%,7
ec online in karnataka,0,1,0%,7
how to get ec online,0,1,0%,7
quick ec,0,1,0%,7
verify ec,0,1,0%,7
what is form 15 in property,0,1,0%,7
e c download karnataka,0,1,0%,8
ec of karnataka,0,1,0%,8
ec of plot,0,1,0%,8
ec online kaveri,0,1,0%,8
ec print,0,1,0%,8
ec print online,0,1,0%,8
encumbrance certificate telangana search,0,1,0%,8
igrsec,0,1,0%,8
karnataka land records ec online,0,1,0%,8
kaveri ec search,0,1,0%,8
kaveri portal for ec,0,1,0%,8
ec application online,0,1,0%,9
ec certificate karnataka download,0,1,0%,9
ec download free,0,1,0%,9
ec for karnataka,0,1,0%,9
ec in karnataka,0,1,0%,9
ec search ts,0,1,0%,9
encumbrance certificate karnataka online login,0,1,0%,9
kaveri online ec search,0,1,0%,9
sro ec,0,1,0%,9
tg registration ec,0,1,0%,9
digital ec,0,1,0%,10
ec certificate karnataka online,0,1,0%,10
ec in online,0,1,0%,10
ec me,0,1,0%,10
ec online apply,0,1,0%,10
ec stream,0,1,0%,10
ec டவுன்லோட்,0,1,0%,10
form ec,0,1,0%,10
how to obtain ec,0,1,0%,10
online ec in karnataka,0,1,0%,10
search ec by name,0,1,0%,10
tnregistration ec,0,1,0%,10
ts ec,0,1,0%,10
ఎక్,0,1,0%,10
ec check,0,1,0%,11
ec online fees,0,1,0%,11
land encumbrance portal,0,1,0%,11
property ec download,0,1,0%,11
what is 15 a form,0,1,0%,11
which ec,0,1,0%,11
www.ec online,0,1,0%,11
eca karnataka,0,1,0%,12
how to ec,0,1,0%,12
ec for property,0,1,0%,18
how to check encumbrance certificate online,0,1,0%,20
sro ec meaning in tamil,0,1,0%,20
online ec application,0,1,0%,22
ap ec download online,0,1,0%,23
apply for encumbrance certificate,0,1,0%,24
ec download tn,0,1,0%,24
encumbrance certificate ap download,0,1,0%,24
online ec ap,0,1,0%,24
online ec bangalore,0,1,0%,25
ec search telangana online,0,1,0%,29
encumbrance certificate application status,0,1,0%,31
encumbrance certificate online ap,0,1,0%,32
check ec telangana,0,1,0%,34
to get ec online,0,1,0%,34
online ec tamilnadu,0,1,0%,36
how to download ec from tnreginet,0,1,0%,38
encumbrance certificate online,0,1,0%,40
how to download encumbrance certificate,0,1,0%,41
encumbrance certificate chennai online,0,1,0%,46
encumbrance certificate online tamilnadu,0,1,0%,46
encumbrance certificate ts,0,1,0%,47
ec view,0,1,0%,51
statement of encumbrance on property,0,1,0%,53
where can i get encumbrance certificate,0,1,0%,53
how to get encumbrance certificate in ap,0,1,0%,65